LAB_SAMP_ID,SAMP_DATE,SAMP_TIME,SAMP_NAME_CODE,SAMP_TYPE,LAB_TEST_CODE,ANALYSIS_UNITS_CODE,RESULT_REPORTED,RESULT_FLAG,ANALYSIS_DATE,ANALYSIS_COMMENT,CUST_SAMP_IDENT,VERIFIED_DATETIME
131059,1-May-07,9:15:00 AM,PRW INTAKE [311],,ALK_2320B,MG/L CACO3,24.2,,,,POUDRE_INTAKE_LAB 200705010915,1-May-07
155408,28-Jun-12,10:00:00 AM,PRW INTAKE [311],Grab,ALK_2320B,MG/L CACO3,18.2,,,,,6-Dec-17
155465,2-Jul-12,1:15:00 PM,PRW INTAKE [311],Grab,ALK_2320B,MG/L CACO3,18.8,,,,,2-Aug-12
155844,30-Jul-12,1:00:00 PM,PRW INTAKE [311],Grab,ALK_2320B,MG/L CACO3,85.4,,,,,13-Aug-12
155853,31-Jul-12,1:55:00 PM,PRW INTAKE [311],Grab,ALK_2320B,MG/L CACO3,27.6,,,,,13-Aug-12
155867,1-Aug-12,1:30:00 PM,PRW INTAKE [311],Grab,ALK_2320B,MG/L CACO3,28.6,,,,,22-Aug-12
155890,2-Aug-12,1:10:00 PM,PRW INTAKE [311],Grab,ALK_2320B,MG/L CACO3,46.6,,,,,22-Aug-12
155906,3-Aug-12,8:30:00 AM,PRW INTAKE [311],Grab,ALK_2320B,MG/L CACO3,30.3,,,,,22-Aug-12
155940,6-Aug-12,2:00:00 PM,PRW INTAKE [311],Grab,ALK_2320B,MG/L CACO3,24.8,,,,,22-Aug-12
155957,7-Aug-12,11:30:00 AM,PRW INTAKE [311],Grab,ALK_2320B,MG/L CACO3,25.7,,,,,22-Aug-12
155974,8-Aug-12,9:30:00 AM,PRW INTAKE [311],Grab,ALK_2320B,MG/L CACO3,25.5,,,,,23-Aug-12
155979,9-Aug-12,1:00:00 PM,PRW INTAKE [311],Grab,ALK_2320B,MG/L CACO3,26.4,,,,,23-Aug-12
155993,10-Aug-12,8:30:00 AM,PRW INTAKE [311],Grab,ALK_2320B,MG/L CACO3,26.2,,,,,23-Aug-12
156184,13-Aug-12,11:30:00 AM,PRW INTAKE [311],Grab,ALK_2320B,MG/L CACO3,24.3,,,,,23-Aug-12
156072,14-Aug-12,10:44:00 AM,PRW INTAKE [311],Grab,ALK_2320B,MG/L CACO3,23.9,,,,,23-Aug-12
156085,15-Aug-12,1:00:00 PM,PRW INTAKE [311],Grab,ALK_2320B,MG/L CACO3,24.4,,,,,23-Aug-12
156091,16-Aug-12,7:54:00 AM,PRW INTAKE [311],Grab,ALK_2320B,MG/L CACO3,21.2,,,,,23-Aug-12
156104,17-Aug-12,8:04:00 AM,PRW INTAKE [311],Grab,ALK_2320B,MG/L CACO3,22.2,,,,,23-Aug-12
156144,20-Aug-12,8:30:00 AM,PRW INTAKE [311],Grab,ALK_2320B,MG/L CACO3,22.4,,,,,23-Aug-12
156160,21-Aug-12,9:30:00 AM,PRW INTAKE [311],Grab,ALK_2320B,MG/L CACO3,25.1,,,,,23-Aug-12
156176,22-Aug-12,8:10:00 AM,PRW INTAKE [311],Grab,ALK_2320B,MG/L CACO3,23,,,,,8-Oct-12
156196,23-Aug-12,9:12:00 AM,PRW INTAKE [311],Grab,ALK_2320B,MG/L CACO3,25.1,,,,,8-Oct-12
156199,24-Aug-12,8:15:00 AM,PRW INTAKE [311],Grab,ALK_2320B,MG/L CACO3,21.2,,,,,8-Oct-12
156259,27-Aug-12,1:50:00 PM,PRW INTAKE [311],Grab,ALK_2320B,MG/L CACO3,25.9,,,,,8-Oct-12
156273,28-Aug-12,7:25:00 AM,PRW INTAKE [311],Grab,ALK_2320B,MG/L CACO3,26.9,,,,,8-Oct-12
156278,29-Aug-12,9:13:00 AM,PRW INTAKE [311],Grab,ALK_2320B,MG/L CACO3,25.5,,,,,9-Oct-12
156316,30-Aug-12,8:09:00 AM,PRW INTAKE [311],Grab,ALK_2320B,MG/L CACO3,25.8,,,,,9-Oct-12
156798,31-Aug-12,12:00:00 PM,PRW INTAKE [311],Grab,ALK_2320B,MG/L CACO3,24,,,,,9-Oct-12
156361,4-Sep-12,8:27:00 AM,PRW INTAKE [311],Grab,ALK_2320B,MG/L CACO3,22.3,,,,,11-Oct-12
156380,5-Sep-12,7:27:00 AM,PRW INTAKE [311],Grab,ALK_2320B,MG/L CACO3,21.7,,,,,11-Oct-12
156398,6-Sep-12,6:34:00 AM,PRW INTAKE [311],Grab,ALK_2320B,MG/L CACO3,22.7,,,,,11-Oct-12
156399,7-Sep-12,8:30:00 AM,PRW INTAKE [311],Grab,ALK_2320B,MG/L CACO3,23.1,,,,,11-Oct-12
156454,10-Sep-12,8:33:00 AM,PRW INTAKE [311],Grab,ALK_2320B,MG/L CACO3,27.8,,,,,11-Oct-12
156463,11-Sep-12,9:00:00 AM,PRW INTAKE [311],Grab,ALK_2320B,MG/L CACO3,27.5,,,,,11-Oct-12
156647,14-Sep-12,8:25:00 AM,PRW INTAKE [311],Grab,ALK_2320B,MG/L CACO3,27.4,,,,,11-Oct-12
156650,17-Sep-12,11:55:00 AM,PRW INTAKE [311],Grab,ALK_2320B,MG/L CACO3,27.5,,,,,25-Oct-12
159454,3-May-13,2:10:00 PM,PRW INTAKE [311],Grab,ALK_2320B,MG/L CACO3,36.1,,,,,
159465,4-May-13,2:00:00 PM,PRW INTAKE [311],Grab,ALK_2320B,MG/L CACO3,36.2,,,,,
159476,5-May-13,11:15:00 AM,PRW INTAKE [311],Grab,ALK_2320B,MG/L CACO3,36.5,,,,,
159506,7-May-13,1:30:00 PM,PRW INTAKE [311],Grab,ALK_2320B,MG/L CACO3,33.4,,,,,
159517,8-May-13,2:30:00 PM,PRW INTAKE [311],Grab,ALK_2320B,MG/L CACO3,33.6,,,,,
159598,14-May-13,11:15:00 AM,PRW INTAKE [311],Grab,ALK_2320B,MG/L CACO3,25.2,,,,,
159625,16-May-13,11:39:00 AM,PRW INTAKE [311],Grab,ALK_2320B,MG/L CACO3,19.6,,,,,
159638,17-May-13,4:25:00 PM,PRW INTAKE [311],Grab,ALK_2320B,MG/L CACO3,18.2,,17-May-13,,,
159651,18-May-13,11:55:00 AM,PRW INTAKE [311],Grab,ALK_2320B,MG/L CACO3,19.5,,18-May-13,,,
159657,19-May-13,8:00:00 PM,PRW INTAKE [311],Grab,ALK_2320B,MG/L CACO3,17.3,,,,,
159662,19-May-13,9:42:00 AM,PRW INTAKE [311],Grab,ALK_2320B,MG/L CACO3,20.1,,19-May-13,,,
159672,20-May-13,11:00:00 AM,PRW INTAKE [311],Grab,ALK_2320B,MG/L CACO3,17.6,,,,,
159696,21-May-13,11:00:00 AM,PRW INTAKE [311],Grab,ALK_2320B,MG/L CACO3,17.8,,,,,
159706,22-May-13,10:05:00 AM,PRW INTAKE [311],Grab,ALK_2320B,MG/L CACO3,18.1,,,,,
159767,27-May-13,4:30:00 PM,PRW INTAKE [311],Grab,ALK_2320B,MG/L CACO3,12.5,,,,,
159787,28-May-13,10:00:00 AM,PRW INTAKE [311],Grab,ALK_2320B,MG/L CACO3,14.8,,,,,
159805,29-May-13,11:55:00 AM,PRW INTAKE [311],Grab,ALK_2320B,MG/L CACO3,13.8,,,,,
159828,30-May-13,9:10:00 AM,PRW INTAKE [311],Grab,ALK_2320B,MG/L CACO3,14.8,,,,,
159865,1-Jun-13,12:45:00 PM,PRW INTAKE [311],Grab,ALK_2320B,MG/L CACO3,16.5,,,,,
159879,2-Jun-13,11:25:00 AM,PRW INTAKE [311],Grab,ALK_2320B,MG/L CACO3,15.3,,,,,
159917,3-Jun-13,11:00:00 AM,PRW INTAKE [311],Grab,ALK_2320B,MG/L CACO3,14.8,,,,,
159937,4-Jun-13,1:05:00 PM,PRW INTAKE [311],Grab,ALK_2320B,MG/L CACO3,14.5,,,,,
159959,5-Jun-13,3:20:00 PM,PRW INTAKE [311],Grab,ALK_2320B,MG/L CACO3,12.8,,,,,
159975,6-Jun-13,8:45:00 AM,PRW INTAKE [311],Grab,ALK_2320B,MG/L CACO3,13.7,,,,,
160060,10-Jun-13,9:23:00 AM,PRW INTAKE [311],Grab,ALK_2320B,MG/L CACO3,11.9,,,,,
160095,11-Jun-13,8:45:00 AM,PRW INTAKE [311],Grab,ALK_2320B,MG/L CACO3,11.7,,,,,
160123,12-Jun-13,10:30:00 AM,PRW INTAKE [311],Grab,ALK_2320B,MG/L CACO3,12.9,,,,,
160145,13-Jun-13,10:45:00 AM,PRW INTAKE [311],Grab,ALK_2320B,MG/L CACO3,12.4,,,,,
160160,14-Jun-13,2:45:00 PM,PRW INTAKE [311],Grab,ALK_2320B,MG/L CACO3,12.4,,15-Jun-13,,,
160243,15-Jun-13,2:00:00 PM,PRW INTAKE [311],Grab,ALK_2320B,MG/L CACO3,12.4,,,,,
160180,16-Jun-13,8:49:00 AM,PRW INTAKE [311],Grab,ALK_2320B,MG/L CACO3,13.2,,,,,
160210,17-Jun-13,12:30:00 PM,PRW INTAKE [311],Grab,ALK_2320B,MG/L CACO3,15.4,,,,,
160248,18-Jun-13,9:30:00 AM,PRW INTAKE [311],Grab,ALK_2320B,MG/L CACO3,13.2,,,,,
160271,19-Jun-13,9:00:00 AM,PRW INTAKE [311],Grab,ALK_2320B,MG/L CACO3,11.9,,,,,
160307,20-Jun-13,9:30:00 AM,PRW INTAKE [311],Grab,ALK_2320B,MG/L CACO3,14.6,,,,,
160336,21-Jun-13,11:50:00 AM,PRW INTAKE [311],Grab,ALK_2320B,MG/L CACO3,12.6,,,,,
160385,22-Jun-13,8:57:00 AM,PRW INTAKE [311],Grab,ALK_2320B,MG/L CACO3,16.8,,,,,
160387,23-Jun-13,3:10:00 PM,PRW INTAKE [311],Grab,ALK_2320B,MG/L CACO3,15.3,,,,,
160388,24-Jun-13,8:57:00 AM,PRW INTAKE [311],Grab,ALK_2320B,MG/L CACO3,16.8,,,,,
160427,25-Jun-13,8:45:00 AM,PRW INTAKE [311],Grab,ALK_2320B,MG/L CACO3,16.7,,,,,
160478,26-Jun-13,2:30:00 PM,PRW INTAKE [311],Grab,ALK_2320B,MG/L CACO3,15,,,,,
160479,27-Jun-13,1:35:00 PM,PRW INTAKE [311],Grab,ALK_2320B,MG/L CACO3,14.9,,,,,
160501,28-Jun-13,7:55:00 AM,PRW INTAKE [311],Grab,ALK_2320B,MG/L CACO3,15.4,,,,,
160514,29-Jun-13,1:40:00 AM,PRW INTAKE [311],Grab,ALK_2320B,MG/L CACO3,17,,29-Jun-13,,,
160544,30-Jun-13,9:12:00 AM,PRW INTAKE [311],Grab,ALK_2320B,MG/L CACO3,15.2,,30-Jun-13,,,
160941,23-Jul-13,9:00:00 AM,PRW INTAKE [311],Grab,ALK_2320B,MG/L CACO3,21.8,,,,,
161844,19-Sep-13,1:00:00 PM,PRW INTAKE [311],Grab,ALK_2320B,MG/L CACO3,33.3,,,,,
161870,21-Sep-13,10:30:00 AM,PRW INTAKE [311],Grab,ALK_2320B,MG/L CACO3,34.9,,,,,
161921,24-Sep-13,10:35:00 AM,PRW INTAKE [311],Grab,ALK_2320B,MG/L CACO3,33.1,,,,,
161948,26-Sep-13,8:56:00 AM,PRW INTAKE [311],Grab,ALK_2320B,MG/L CACO3,33.8,,,,,
161947,26-Sep-13,9:30:00 AM,PRW INTAKE [311],Grab,ALK_2320B,MG/L CACO3,30.9,,,,,
162003,30-Sep-13,8:45:00 AM,PRW INTAKE [311],Grab,ALK_2320B,MG/L CACO3,34.6,,,,,
164979,28-Apr-14,10:02:00 AM,PRW INTAKE [311],Grab,ALK_2320B,MG/L CACO3,25.3,,,,,14-Jul-14
165001,29-Apr-14,8:35:00 AM,PRW INTAKE [311],Grab,ALK_2320B,MG/L CACO3,26.1,,,,,14-Jul-14
165025,30-Apr-14,11:15:00 AM,PRW INTAKE [311],Grab,ALK_2320B,MG/L CACO3,26.9,,,,,14-Jul-14
165044,1-May-14,10:00:00 AM,PRW INTAKE [311],Grab,ALK_2320B,MG/L CACO3,27.2,,,,,14-Jul-14
165063,2-May-14,7:45:00 AM,PRW INTAKE [311],Grab,ALK_2320B,MG/L CACO3,28,,,,,14-Jul-14
165081,3-May-14,8:01:00 AM,PRW INTAKE [311],Grab,ALK_2320B,MG/L CACO3,27,,,,,14-Jul-14
165103,4-May-14,8:30:00 AM,PRW INTAKE [311],Grab,ALK_2320B,MG/L CACO3,27.1,,,,,14-Jul-14
165129,5-May-14,10:50:00 AM,PRW INTAKE [311],Grab,ALK_2320B,MG/L CACO3,24.9,,,,,14-Jul-14
165156,6-May-14,9:55:00 AM,PRW INTAKE [311],Grab,ALK_2320B,MG/L CACO3,21.3,,,,,14-Jul-14
165175,7-May-14,9:50:00 AM,PRW INTAKE [311],Grab,ALK_2320B,MG/L CACO3,21.4,,,,,14-Jul-14
166070,8-May-14,8:45:00 AM,PRW INTAKE [311],Grab,ALK_2320B,MG/L CACO3,21.3,,,,,14-Jul-14
165215,9-May-14,10:45:00 AM,PRW INTAKE [311],Grab,ALK_2320B,MG/L CACO3,21,,,,,14-Jul-14
165254,10-May-14,11:00:00 AM,PRW INTAKE [311],Grab,ALK_2320B,MG/L CACO3,23.1,,,,,14-Jul-14
165255,11-May-14,9:00:00 AM,PRW INTAKE [311],Grab,ALK_2320B,MG/L CACO3,24.2,,,,,14-Jul-14
165272,12-May-14,9:30:00 AM,PRW INTAKE [311],Grab,ALK_2320B,MG/L CACO3,22.9,,,,,14-Jul-14
165291,13-May-14,8:15:00 AM,PRW INTAKE [311],Grab,ALK_2320B,MG/L CACO3,26.8,,,,,14-Jul-14
165498,14-May-14,8:30:00 AM,PRW INTAKE [311],Grab,ALK_2320B,MG/L CACO3,24.1,,,,,14-Jul-14
165335,15-May-14,8:05:00 AM,PRW INTAKE [311],Grab,ALK_2320B,MG/L CACO3,27.5,,,,,14-Jul-14
165357,16-May-14,9:45:00 AM,PRW INTAKE [311],Grab,ALK_2320B,MG/L CACO3,27.9,,,,,14-Jul-14
165378,17-May-14,8:20:00 AM,PRW INTAKE [311],Grab,ALK_2320B,MG/L CACO3,27.5,,,,,14-Jul-14
165388,18-May-14,8:40:00 AM,PRW INTAKE [311],Grab,ALK_2320B,MG/L CACO3,27.3,,,,,14-Jul-14
165430,19-May-14,10:15:00 AM,PRW INTAKE [311],Grab,ALK_2320B,MG/L CACO3,25.4,,,,,14-Jul-14
165452,20-May-14,8:45:00 AM,PRW INTAKE [311],Grab,ALK_2320B,MG/L CACO3,22.6,,,,,14-Jul-14
165471,21-May-14,7:50:00 AM,PRW INTAKE [311],Grab,ALK_2320B,MG/L CACO3,22.6,,,,,14-Jul-14
165483,22-May-14,8:30:00 AM,PRW INTAKE [311],Grab,ALK_2320B,MG/L CACO3,18.9,,,,,14-Jul-14
165510,23-May-14,8:00:00 AM,PRW INTAKE [311],Grab,ALK_2320B,MG/L CACO3,17.9,,,,,14-Jul-14
165565,24-May-14,8:30:00 AM,PRW INTAKE [311],Grab,ALK_2320B,MG/L CACO3,18.3,,,,,14-Jul-14
165566,25-May-14,8:30:00 AM,PRW INTAKE [311],Grab,ALK_2320B,MG/L CACO3,17.6,,,,,14-Jul-14
165553,26-May-14,2:04:00 PM,PRW INTAKE [311],Grab,ALK_2320B,MG/L CACO3,17.5,,26-May-14,,,14-Jul-14
165590,27-May-14,12:00:00 PM,PRW INTAKE [311],Grab,ALK_2320B,MG/L CACO3,17.8,,,,,14-Jul-14
165612,28-May-14,10:45:00 AM,PRW INTAKE [311],Grab,ALK_2320B,MG/L CACO3,16.2,,,,,14-Jul-14
165634,29-May-14,9:45:00 AM,PRW INTAKE [311],Grab,ALK_2320B,MG/L CACO3,15.8,,,,,14-Jul-14
165657,30-May-14,1:15:00 PM,PRW INTAKE [311],Grab,ALK_2320B,MG/L CACO3,14.5,,,,,14-Jul-14
165676,31-May-14,5:15:00 PM,PRW INTAKE [311],Grab,ALK_2320B,MG/L CACO3,14.4,,,,,14-Jul-14
165698,1-Jun-14,11:00:00 AM,PRW INTAKE [311],Grab,ALK_2320B,MG/L CACO3,14,,1-Jun-14,,,14-Jul-14
165720,2-Jun-14,10:30:00 AM,PRW INTAKE [311],Grab,ALK_2320B,MG/L CACO3,13.9,,,,,14-Jul-14
165749,3-Jun-14,8:45:00 AM,PRW INTAKE [311],Grab,ALK_2320B,MG/L CACO3,13.4,,,,,14-Jul-14
165764,4-Jun-14,7:50:00 AM,PRW INTAKE [311],Grab,ALK_2320B,MG/L CACO3,13.1,,,,,14-Jul-14
165797,5-Jun-14,10:00:00 AM,PRW INTAKE [311],Grab,ALK_2320B,MG/L CACO3,13.5,,,,,14-Jul-14
165826,6-Jun-14,9:00:00 AM,PRW INTAKE [311],Grab,ALK_2320B,MG/L CACO3,13.9,,,,,14-Jul-14
165848,7-Jun-14,10:10:00 AM,PRW INTAKE [311],Grab,ALK_2320B,MG/L CACO3,13.8,,,,,14-Jul-14
165870,8-Jun-14,10:25:00 AM,PRW INTAKE [311],Grab,ALK_2320B,MG/L CACO3,13.4,,,,,14-Jul-14
165896,9-Jun-14,11:00:00 AM,PRW INTAKE [311],Grab,ALK_2320B,MG/L CACO3,15.7,,,,,14-Jul-14
165914,10-Jun-14,8:20:00 AM,PRW INTAKE [311],Grab,ALK_2320B,MG/L CACO3,15,,,,,14-Jul-14
165938,11-Jun-14,9:00:00 AM,PRW INTAKE [311],Grab,ALK_2320B,MG/L CACO3,15,,,,,14-Jul-14
165954,12-Jun-14,10:30:00 AM,PRW INTAKE [311],Grab,ALK_2320B,MG/L CACO3,13.5,,,,,14-Jul-14
165971,13-Jun-14,10:25:00 AM,PRW INTAKE [311],Grab,ALK_2320B,MG/L CACO3,13.5,,,,,14-Jul-14
165997,14-Jun-14,10:30:00 AM,PRW INTAKE [311],Grab,ALK_2320B,MG/L CACO3,14.7,,,,,14-Jul-14
166018,15-Jun-14,10:30:00 AM,PRW INTAKE [311],Grab,ALK_2320B,MG/L CACO3,15.9,,,,,14-Jul-14
166044,16-Jun-14,10:00:00 AM,PRW INTAKE [311],Grab,ALK_2320B,MG/L CACO3,14.3,,,,,14-Jul-14
166071,17-Jun-14,11:15:00 AM,PRW INTAKE [311],Grab,ALK_2320B,MG/L CACO3,14,,,,,14-Jul-14
166108,18-Jun-14,1:30:00 PM,PRW INTAKE [311],Grab,ALK_2320B,MG/L CACO3,13.5,,,,,14-Jul-14
166162,19-Jun-14,2:06:00 PM,PRW INTAKE [311],Grab,ALK_2320B,MG/L CACO3,14.6,,,,,14-Jul-14
166163,20-Jun-14,9:55:00 AM,PRW INTAKE [311],Grab,ALK_2320B,MG/L CACO3,14.2,,,,,14-Jul-14
166205,21-Jun-14,9:10:00 AM,PRW INTAKE [311],Grab,ALK_2320B,MG/L CACO3,16.5,,,,,14-Jul-14
166206,22-Jun-14,9:00:00 AM,PRW INTAKE [311],Grab,ALK_2320B,MG/L CACO3,16.5,,,,,14-Jul-14
166224,23-Jun-14,12:12:00 PM,PRW INTAKE [311],Grab,ALK_2320B,MG/L CACO3,15.5,,,,,14-Jul-14
166244,24-Jun-14,9:55:00 AM,PRW INTAKE [311],Grab,ALK_2320B,MG/L CACO3,15.5,,,,,14-Jul-14
166266,25-Jun-14,10:00:00 AM,PRW INTAKE [311],Grab,ALK_2320B,MG/L CACO3,15.5,,,,,14-Jul-14
166285,26-Jun-14,11:20:00 AM,PRW INTAKE [311],Grab,ALK_2320B,MG/L CACO3,16.3,,,,,14-Jul-14
166307,27-Jun-14,9:35:00 AM,PRW INTAKE [311],Grab,ALK_2320B,MG/L CACO3,15.3,,,,,14-Jul-14
166328,28-Jun-14,5:15:00 PM,PRW INTAKE [311],Grab,ALK_2320B,MG/L CACO3,14.4,,,,,14-Jul-14
166353,29-Jun-14,11:40:00 AM,PRW INTAKE [311],Grab,ALK_2320B,MG/L CACO3,14.6,,,,,14-Jul-14
166376,30-Jun-14,9:30:00 AM,PRW INTAKE [311],Grab,ALK_2320B,MG/L CACO3,15.3,,,,,14-Jul-14
170994,20-Apr-15,11:25:00 AM,PRW INTAKE [311],Grab,ALK_2320B,MG/L CACO3,32.2,,,,,29-Apr-15
171020,21-Apr-15,9:42:00 AM,PRW INTAKE [311],Grab,ALK_2320B,MG/L CACO3,32.4,,,,,29-Apr-15
171041,22-Apr-15,10:15:00 AM,PRW INTAKE [311],Grab,ALK_2320B,MG/L CACO3,31.8,,,,,5-May-15
171062,23-Apr-15,9:30:00 AM,PRW INTAKE [311],Grab,ALK_2320B,MG/L CACO3,32.6,,,,,5-May-15
171082,24-Apr-15,10:33:00 AM,PRW INTAKE [311],Grab,ALK_2320B,MG/L CACO3,37.9,,,,,21-May-15
171095,25-Apr-15,11:40:00 AM,PRW INTAKE [311],Grab,ALK_2320B,MG/L CACO3,36.2,,25-Apr-15,,,21-May-15
171123,26-Apr-15,9:00:00 AM,PRW INTAKE [311],Grab,ALK_2320B,MG/L CACO3,32.1,,26-Apr-15,,,21-May-15
171144,27-Apr-15,11:15:00 AM,PRW INTAKE [311],Grab,ALK_2320B,MG/L CACO3,34.8,,,,,21-May-15
171181,28-Apr-15,12:00:00 PM,PRW INTAKE [311],Grab,ALK_2320B,MG/L CACO3,36.2,,,,,21-May-15
171203,29-Apr-15,11:15:00 AM,PRW INTAKE [311],Grab,ALK_2320B,MG/L CACO3,33.2,,,,,21-May-15
171229,30-Apr-15,9:30:00 AM,PRW INTAKE [311],Grab,ALK_2320B,MG/L CACO3,33.5,,,,,21-May-15
171308,1-May-15,4:12:00 PM,PRW INTAKE [311],Grab,ALK_2320B,MG/L CACO3,33.5,,,,,21-May-15
171310,2-May-15,9:15:00 AM,PRW INTAKE [311],Grab,ALK_2320B,MG/L CACO3,27.6,,,,,21-May-15
171311,3-May-15,10:00:00 AM,PRW INTAKE [311],Grab,ALK_2320B,MG/L CACO3,26.9,,,,,1-Jun-15
171296,4-May-15,8:55:00 AM,PRW INTAKE [311],Grab,ALK_2320B,MG/L CACO3,28.6,,,,,1-Jun-15
171335,5-May-15,10:27:00 AM,PRW INTAKE [311],Grab,ALK_2320B,MG/L CACO3,25.4,,,,,2-Jun-15
171362,6-May-15,11:30:00 AM,PRW INTAKE [311],Grab,ALK_2320B,MG/L CACO3,24.6,,,,,2-Jun-15
171387,7-May-15,10:00:00 AM,PRW INTAKE [311],Grab,ALK_2320B,MG/L CACO3,26.2,,,,,2-Jun-15
171408,8-May-15,11:08:00 AM,PRW INTAKE [311],Grab,ALK_2320B,MG/L CACO3,24.2,,,,,2-Jun-15
171656,9-May-15,7:25:00 AM,PRW INTAKE [311],Grab,ALK_2320B,MG/L CACO3,28.7,,,,,2-Jun-15
171449,10-May-15,7:45:00 AM,PRW INTAKE [311],Grab,ALK_2320B,MG/L CACO3,29.9,,10-May-15,,,4-Jun-15
171489,11-May-15,1:00:00 PM,PRW INTAKE [311],Grab,ALK_2320B,MG/L CACO3,31.7,,,,,4-Jun-15
171491,12-May-15,9:30:00 AM,PRW INTAKE [311],Grab,ALK_2320B,MG/L CACO3,30.4,,,,,4-Jun-15
171528,13-May-15,8:20:00 AM,PRW INTAKE [311],Grab,ALK_2320B,MG/L CACO3,33.3,,,,,4-Jun-15
171551,14-May-15,9:10:00 AM,PRW INTAKE [311],Grab,ALK_2320B,MG/L CACO3,30.7,,,,,9-Jun-15
171570,15-May-15,9:40:00 AM,PRW INTAKE [311],Grab,ALK_2320B,MG/L CACO3,30.1,,,,,9-Jun-15
171586,16-May-15,3:20:00 PM,PRW INTAKE [311],Grab,ALK_2320B,MG/L CACO3,30.1,,,,,9-Jun-15
171630,17-May-15,11:30:00 AM,PRW INTAKE [311],Grab,ALK_2320B,MG/L CACO3,32.1,,,,,9-Jun-15
171631,18-May-15,8:35:00 AM,PRW INTAKE [311],Grab,ALK_2320B,MG/L CACO3,30,,,,,9-Jun-15
171649,19-May-15,10:40:00 AM,PRW INTAKE [311],Grab,ALK_2320B,MG/L CACO3,28.7,,,,,9-Jun-15
171676,20-May-15,10:40:00 AM,PRW INTAKE [311],Grab,ALK_2320B,MG/L CACO3,31.4,,,,,9-Jun-15
171733,21-May-15,9:40:00 AM,PRW INTAKE [311],Grab,ALK_2320B,MG/L CACO3,31.5,,,,,9-Jun-15
171794,22-May-15,8:40:00 AM,PRW INTAKE [311],Grab,ALK_2320B,MG/L CACO3,31.8,,,,,9-Jun-15
171817,23-May-15,7:45:00 AM,PRW INTAKE [311],Grab,ALK_2320B,MG/L CACO3,33,,23-May-15,,,9-Jun-15
171835,24-May-15,9:30:00 AM,PRW INTAKE [311],Grab,ALK_2320B,MG/L CACO3,33,,24-May-15,,,10-Jun-15
171863,25-May-15,10:15:00 AM,PRW INTAKE [311],Grab,ALK_2320B,MG/L CACO3,32.4,,,,,10-Jun-15
171879,26-May-15,11:43:00 AM,PRW INTAKE [311],Grab,ALK_2320B,MG/L CACO3,31.9,,,,,10-Jun-15
171902,27-May-15,9:55:00 AM,PRW INTAKE [311],Grab,ALK_2320B,MG/L CACO3,30.2,,,,,10-Jun-15
171917,28-May-15,9:15:00 AM,PRW INTAKE [311],Grab,ALK_2320B,MG/L CACO3,28.8,,,,,10-Jun-15
171947,29-May-15,9:22:00 AM,PRW INTAKE [311],Grab,ALK_2320B,MG/L CACO3,27.3,,,,,10-Jun-15
172020,30-May-15,11:30:00 AM,PRW INTAKE [311],Grab,ALK_2320B,MG/L CACO3,26.5,,,,,10-Jun-15
172021,31-May-15,11:30:00 AM,PRW INTAKE [311],Grab,ALK_2320B,MG/L CACO3,26.2,,,,,10-Jun-15
172029,1-Jun-15,11:00:00 AM,PRW INTAKE [311],Grab,ALK_2320B,MG/L CACO3,20.5,,,,,10-Jun-15
172054,2-Jun-15,10:21:00 AM,PRW INTAKE [311],Grab,ALK_2320B,MG/L CACO3,20.2,,,,,10-Jun-15
172094,3-Jun-15,9:50:00 AM,PRW INTAKE [311],Grab,ALK_2320B,MG/L CACO3,18.7,,,,,10-Jun-15
172118,4-Jun-15,8:50:00 AM,PRW INTAKE [311],Grab,ALK_2320B,MG/L CACO3,17.1,,,,,10-Jun-15
172146,5-Jun-15,8:30:00 AM,PRW INTAKE [311],Grab,ALK_2320B,MG/L CACO3,16.6,,,,,10-Jun-15
172170,6-Jun-15,9:35:00 AM,PRW INTAKE [311],Grab,ALK_2320B,MG/L CACO3,17.7,,,,,10-Jun-15
172188,7-Jun-15,9:00:00 AM,PRW INTAKE [311],Grab,ALK_2320B,MG/L CACO3,14.9,,,,,10-Jun-15
172201,8-Jun-15,8:45:00 AM,PRW INTAKE [311],Grab,ALK_2320B,MG/L CACO3,15.9,,,,,10-Jun-15
172232,9-Jun-15,8:50:00 AM,PRW INTAKE [311],Grab,ALK_2320B,MG/L CACO3,15.8,,,,,10-Jun-15
172269,10-Jun-15,8:35:00 AM,PRW INTAKE [311],Grab,ALK_2320B,MG/L CACO3,17.6,,,,,10-Jun-15
172302,11-Jun-15,11:20:00 AM,PRW INTAKE [311],Grab,ALK_2320B,MG/L CACO3,15.9,,,,,15-Jun-15
172381,15-Jun-15,1:45:00 PM,PRW INTAKE [311],Grab,ALK_2320B,MG/L CACO3,15.2,,,,,17-Jun-15
172418,16-Jun-15,11:25:00 AM,PRW INTAKE [311],Grab,ALK_2320B,MG/L CACO3,15.8,,,,,17-Jun-15
172453,17-Jun-15,10:00:00 AM,PRW INTAKE [311],Grab,ALK_2320B,MG/L CACO3,15.9,,,,,17-Jun-15
172483,18-Jun-15,8:45:00 AM,PRW INTAKE [311],Grab,ALK_2320B,MG/L CACO3,15,,,,,25-Jun-15
172511,19-Jun-15,3:17:00 PM,PRW INTAKE [311],Grab,ALK_2320B,MG/L CACO3,15.8,,,,,25-Jun-15
172536,20-Jun-15,10:00:00 AM,PRW INTAKE [311],Grab,ALK_2320B,MG/L CACO3,14.8,,,,,25-Jun-15
172557,21-Jun-15,9:35:00 AM,PRW INTAKE [311],Grab,ALK_2320B,MG/L CACO3,15,,,,,25-Jun-15
172587,22-Jun-15,11:59:00 AM,PRW INTAKE [311],Grab,ALK_2320B,MG/L CACO3,15.2,,,,,25-Jun-15
172619,23-Jun-15,9:45:00 AM,PRW INTAKE [311],Grab,ALK_2320B,MG/L CACO3,15.7,,,,,25-Jun-15
172656,24-Jun-15,11:55:00 AM,PRW INTAKE [311],Grab,ALK_2320B,MG/L CACO3,17,,,,,25-Jun-15
172683,25-Jun-15,10:50:00 AM,PRW INTAKE [311],Grab,ALK_2320B,MG/L CACO3,16.4,,,,,10-Jul-15
172716,26-Jun-15,12:15:00 PM,PRW INTAKE [311],Grab,ALK_2320B,MG/L CACO3,19,,,,,10-Jul-15
172782,27-Jun-15,11:00:00 AM,PRW INTAKE [311],Grab,ALK_2320B,MG/L CACO3,20.5,,,,,10-Jul-15
172783,28-Jun-15,11:00:00 AM,PRW INTAKE [311],Grab,ALK_2320B,MG/L CACO3,17.5,,,,,10-Jul-15
172803,29-Jun-15,2:30:00 PM,PRW INTAKE [311],Grab,ALK_2320B,MG/L CACO3,20.4,,30-Jun-15,,,10-Jul-15
177081,4-Apr-16,9:12:00 AM,PRW INTAKE [311],Grab,ALK_2320B,MG/L CACO3,45.1,,,,,18-Apr-16
177110,5-Apr-16,9:15:00 AM,PRW INTAKE [311],Grab,ALK_2320B,MG/L CACO3,44.8,,,,,18-Apr-16
177146,6-Apr-16,11:30:00 AM,PRW INTAKE [311],Grab,ALK_2320B,MG/L CACO3,42.5,,,,,18-Apr-16
177171,7-Apr-16,10:40:00 AM,PRW INTAKE [311],Grab,ALK_2320B,MG/L CACO3,42.9,,,,,20-Apr-16
177192,8-Apr-16,11:00:00 AM,PRW INTAKE [311],Grab,ALK_2320B,MG/L CACO3,42.1,,,,,20-Apr-16
177210,9-Apr-16,10:30:00 AM,PRW INTAKE [311],Grab,ALK_2320B,MG/L CACO3,39.7,,,,,20-Apr-16
177226,10-Apr-16,9:45:00 AM,PRW INTAKE [311],Grab,ALK_2320B,MG/L CACO3,38.9,,,,,20-Apr-16
177274,12-Apr-16,12:25:00 PM,PRW INTAKE [311],Grab,ALK_2320B,MG/L CACO3,37,,,,,20-Apr-16
177296,13-Apr-16,11:40:00 AM,PRW INTAKE [311],Grab,ALK_2320B,MG/L CACO3,35.7,,,,,20-Apr-16
177328,14-Apr-16,3:45:00 AM,PRW INTAKE [311],Grab,ALK_2320B,MG/L CACO3,35.3,,,,,20-Apr-16
177370,16-Apr-16,10:40:00 AM,PRW INTAKE [311],Grab,ALK_2320B,MG/L CACO3,33.1,,,,,18-May-16
177390,17-Apr-16,12:40:00 PM,PRW INTAKE [311],Grab,ALK_2320B,MG/L CACO3,32.4,,,,,27-Apr-16
177421,18-Apr-16,2:00:00 PM,PRW INTAKE [311],Grab,ALK_2320B,MG/L CACO3,35.1,,,,,27-Apr-16
177438,19-Apr-16,10:15:00 AM,PRW INTAKE [311],Grab,ALK_2320B,MG/L CACO3,36.1,,,,,27-Apr-16
177463,20-Apr-16,8:30:00 AM,PRW INTAKE [311],Grab,ALK_2320B,MG/L CACO3,37.8,,,,,27-Apr-16
177488,21-Apr-16,12:34:00 PM,PRW INTAKE [311],Grab,ALK_2320B,MG/L CACO3,38.9,,,,,27-Apr-16
177513,22-Apr-16,9:55:00 AM,PRW INTAKE [311],Grab,ALK_2320B,MG/L CACO3,38.6,,,,,27-Apr-16
177530,23-Apr-16,10:30:00 AM,PRW INTAKE [311],Grab,ALK_2320B,MG/L CACO3,36.7,,,,,29-Apr-16
177553,24-Apr-16,11:10:00 AM,PRW INTAKE [311],Grab,ALK_2320B,MG/L CACO3,36.2,,,,,2-May-16
177570,25-Apr-16,11:10:00 AM,PRW INTAKE [311],Grab,ALK_2320B,MG/L CACO3,35.8,,,,,2-May-16
177604,26-Apr-16,9:45:00 AM,PRW INTAKE [311],Grab,ALK_2320B,MG/L CACO3,34.8,,,,,2-May-16
177677,27-Apr-16,8:05:00 AM,PRW INTAKE [311],Grab,ALK_2320B,MG/L CACO3,34.3,,,,,2-May-16
177653,28-Apr-16,10:30:00 AM,PRW INTAKE [311],Grab,ALK_2320B,MG/L CACO3,35.7,,,,,2-May-16
177676,29-Apr-16,1:00:00 PM,PRW INTAKE [311],Grab,ALK_2320B,MG/L CACO3,35.8,,,,,2-May-16
177703,1-May-16,3:15:00 PM,PRW INTAKE [311],Grab,ALK_2320B,MG/L CACO3,37.5,,,,,11-May-16
177721,2-May-16,10:40:00 AM,PRW INTAKE [311],Grab,ALK_2320B,MG/L CACO3,38.9,,,,,11-May-16
177747,3-May-16,9:45:00 AM,PRW INTAKE [311],Grab,ALK_2320B,MG/L CACO3,38.1,,,,,11-May-16
177773,4-May-16,9:36:00 AM,PRW INTAKE [311],Grab,ALK_2320B,MG/L CACO3,39.7,,,,,11-May-16
177792,5-May-16,10:25:00 AM,PRW INTAKE [311],Grab,ALK_2320B,MG/L CACO3,35.8,,,,,11-May-16
177803,6-May-16,9:29:00 AM,PRW INTAKE [311],Grab,ALK_2320B,MG/L CACO3,37.5,,6-May-16,,,11-May-16
177821,7-May-16,10:43:00 AM,PRW INTAKE [311],Grab,ALK_2320B,MG/L CACO3,30.8,,,,,11-May-16
177837,8-May-16,3:20:00 PM,PRW INTAKE [311],Grab,ALK_2320B,MG/L CACO3,30.5,,,,,18-May-16
177851,9-May-16,9:00:00 AM,PRW INTAKE [311],Grab,ALK_2320B,MG/L CACO3,33.4,,,,,18-May-16
177884,10-May-16,10:15:00 AM,PRW INTAKE [311],Grab,ALK_2320B,MG/L CACO3,30.7,,,,,18-May-16
177905,11-May-16,8:45:00 AM,PRW INTAKE [311],Grab,ALK_2320B,MG/L CACO3,31.2,,,,,18-May-16
177952,13-May-16,10:00:00 AM,PRW INTAKE [311],Grab,ALK_2320B,MG/L CACO3,31.8,,,,,18-May-16
177969,14-May-16,10:00:00 AM,PRW INTAKE [311],Grab,ALK_2320B,MG/L CACO3,31.9,,,,,18-May-16
177991,15-May-16,8:40:00 AM,PRW INTAKE [311],Grab,ALK_2320B,MG/L CACO3,29.3,,,,,18-May-16
178002,16-May-16,8:30:00 AM,PRW INTAKE [311],Grab,ALK_2320B,MG/L CACO3,27.4,,,,,18-May-16
178031,17-May-16,11:15:00 AM,PRW INTAKE [311],Grab,ALK_2320B,MG/L CACO3,25.7,,,,,18-May-16
178049,18-May-16,11:00:00 AM,PRW INTAKE [311],Grab,ALK_2320B,MG/L CACO3,28,,,,,18-May-16
178068,19-May-16,10:26:00 AM,PRW INTAKE [311],Grab,ALK_2320B,MG/L CACO3,27.9,,,,,25-May-16
178086,20-May-16,10:05:00 AM,PRW INTAKE [311],Grab,ALK_2320B,MG/L CACO3,26.2,,,,,25-May-16
178105,21-May-16,10:45:00 AM,PRW INTAKE [311],Grab,ALK_2320B,MG/L CACO3,26,,21-May-16,,,25-May-16
178122,22-May-16,11:40:00 AM,PRW INTAKE [311],Grab,ALK_2320B,MG/L CACO3,20,,,,,25-May-16
178146,23-May-16,8:23:00 AM,PRW INTAKE [311],Grab,ALK_2320B,MG/L CACO3,20,,,,,25-May-16
178162,24-May-16,10:22:00 AM,PRW INTAKE [311],Grab,ALK_2320B,MG/L CACO3,22.7,,,,,25-May-16
178190,25-May-16,8:45:00 AM,PRW INTAKE [311],Grab,ALK_2320B,MG/L CACO3,19.1,,,,,26-May-16
178208,26-May-16,9:48:00 AM,PRW INTAKE [311],Grab,ALK_2320B,MG/L CACO3,19.8,,,,,26-May-16
178227,27-May-16,10:15:00 AM,PRW INTAKE [311],Grab,ALK_2320B,MG/L CACO3,21.7,,,,,31-May-16
178244,28-May-16,11:20:00 AM,PRW INTAKE [311],Grab,ALK_2320B,MG/L CACO3,23,,,,,31-May-16
178256,29-May-16,9:30:00 AM,PRW INTAKE [311],Grab,ALK_2320B,MG/L CACO3,22.2,,,,,31-May-16
178279,30-May-16,9:50:00 AM,PRW INTAKE [311],Grab,ALK_2320B,MG/L CACO3,22.4,,30-May-16,,,31-May-16
178309,31-May-16,10:30:00 AM,PRW INTAKE [311],Grab,ALK_2320B,MG/L CACO3,20.6,,,,,31-May-16
178329,1-Jun-16,8:35:00 AM,PRW INTAKE [311],Grab,ALK_2320B,MG/L CACO3,19.5,,,,,3-Jun-16
178349,2-Jun-16,2:18:00 PM,PRW INTAKE [311],Grab,ALK_2320B,MG/L CACO3,17.1,,,,,3-Jun-16
178367,3-Jun-16,12:29:00 PM,PRW INTAKE [311],Grab,ALK_2320B,MG/L CACO3,15.1,,,,,3-Jun-16
178387,4-Jun-16,11:00:00 AM,PRW INTAKE [311],Grab,ALK_2320B,MG/L CACO3,13.4,,,,,9-Jun-16
178408,5-Jun-16,10:43:00 AM,PRW INTAKE [311],Grab,ALK_2320B,MG/L CACO3,14.2,,5-Jun-16,,,9-Jun-16
178427,6-Jun-16,8:30:00 AM,PRW INTAKE [311],Grab,ALK_2320B,MG/L CACO3,15.3,,,,,9-Jun-16
178458,7-Jun-16,9:48:00 AM,PRW INTAKE [311],Grab,ALK_2320B,MG/L CACO3,12.3,,,,,9-Jun-16
178480,8-Jun-16,7:45:00 AM,PRW INTAKE [311],Grab,ALK_2320B,MG/L CACO3,14.9,,,,,9-Jun-16
178500,9-Jun-16,7:40:00 AM,PRW INTAKE [311],Grab,ALK_2320B,MG/L CACO3,12.8,,,,,13-Jun-16
178513,10-Jun-16,8:10:00 AM,PRW INTAKE [311],Grab,ALK_2320B,MG/L CACO3,12.4,,,,,13-Jun-16
178577,11-Jun-16,7:46:00 AM,PRW INTAKE [311],Grab,ALK_2320B,MG/L CACO3,13.3,,,,,13-Jun-16
178568,13-Jun-16,10:40:00 AM,PRW INTAKE [311],Grab,ALK_2320B,MG/L CACO3,11.9,,,,,13-Jun-16
178612,14-Jun-16,11:00:00 AM,PRW INTAKE [311],Grab,ALK_2320B,MG/L CACO3,12.3,,,,,23-Jun-16
178632,15-Jun-16,8:10:00 AM,PRW INTAKE [311],Grab,ALK_2320B,MG/L CACO3,14.2,,,,,24-Jun-16
178654,16-Jun-16,10:15:00 AM,PRW INTAKE [311],Grab,ALK_2320B,MG/L CACO3,12.7,,,,,24-Jun-16
178676,17-Jun-16,10:00:00 AM,PRW INTAKE [311],Grab,ALK_2320B,MG/L CACO3,13.3,,,,,24-Jun-16
178695,18-Jun-16,8:40:00 AM,PRW INTAKE [311],Grab,ALK_2320B,MG/L CACO3,14.9,,18-Jun-16,,,28-Jun-16
178714,19-Jun-16,8:11:00 AM,PRW INTAKE [311],Grab,ALK_2320B,MG/L CACO3,15.5,,19-Jun-16,,,28-Jun-16
178742,20-Jun-16,9:45:00 AM,PRW INTAKE [311],Grab,ALK_2320B,MG/L CACO3,12.7,,,,,28-Jun-16
178766,21-Jun-16,10:51:00 AM,PRW INTAKE [311],Grab,ALK_2320B,MG/L CACO3,13.6,,,,,28-Jun-16
178794,22-Jun-16,10:30:00 AM,PRW INTAKE [311],Grab,ALK_2320B,MG/L CACO3,13.4,,,,,28-Jun-16
178824,23-Jun-16,12:32:00 PM,PRW INTAKE [311],Grab,ALK_2320B,MG/L CACO3,14.2,,,,,28-Jun-16
178844,24-Jun-16,9:51:00 AM,PRW INTAKE [311],Grab,ALK_2320B,MG/L CACO3,13.7,,,,,28-Jun-16
178860,25-Jun-16,9:05:00 AM,PRW INTAKE [311],Grab,ALK_2320B,MG/L CACO3,14.1,,,,,28-Jun-16
178882,26-Jun-16,8:10:00 AM,PRW INTAKE [311],Grab,ALK_2320B,MG/L CACO3,14.4,,,,,28-Jun-16
178910,27-Jun-16,12:00:00 PM,PRW INTAKE [311],Grab,ALK_2320B,MG/L CACO3,15.3,,,,,28-Jun-16
178931,28-Jun-16,11:46:00 AM,PRW INTAKE [311],Grab,ALK_2320B,MG/L CACO3,14.6,,,,,29-Jun-16
178958,29-Jun-16,10:30:00 AM,PRW INTAKE [311],Grab,ALK_2320B,MG/L CACO3,15.6,,,,,29-Jun-16
178980,30-Jun-16,9:46:00 AM,PRW INTAKE [311],Grab,ALK_2320B,MG/L CACO3,15.8,,,,,1-Jul-16
183434,18-Apr-17,3:00:00 PM,PRW INTAKE [311],Grab,ALK_2320B,MG/L CACO3,24,,,,,19-Apr-17
183449,19-Apr-17,11:20:00 AM,PRW INTAKE [311],Grab,ALK_2320B,MG/L CACO3,21.8,,,,,19-Apr-17
183467,20-Apr-17,9:27:00 AM,PRW INTAKE [311],Grab,ALK_2320B,MG/L CACO3,19.8,,,,,20-Apr-17
183489,21-Apr-17,2:02:00 PM,PRW INTAKE [311],Grab,ALK_2320B,MG/L CACO3,20.6,,,,,24-Apr-17
183506,22-Apr-17,2:50:00 PM,PRW INTAKE [311],Grab,ALK_2320B,MG/L CACO3,22.2,,,,,26-Apr-17
183519,23-Apr-17,11:45:00 AM,PRW INTAKE [311],Grab,ALK_2320B,MG/L CACO3,22.5,,,,,26-Apr-17
183537,24-Apr-17,8:45:00 AM,PRW INTAKE [311],Grab,ALK_2320B,MG/L CACO3,21.9,,,,,26-Apr-17
183553,25-Apr-17,1:00:00 PM,PRW INTAKE [311],Grab,ALK_2320B,MG/L CACO3,22.8,,,,,26-Apr-17
183570,26-Apr-17,8:45:00 AM,PRW INTAKE [311],Grab,ALK_2320B,MG/L CACO3,23.6,,,,,26-Apr-17
183588,27-Apr-17,1:40:00 PM,PRW INTAKE [311],Grab,ALK_2320B,MG/L CACO3,22.8,,,,,5-May-17
183611,28-Apr-17,2:00:00 PM,PRW INTAKE [311],Grab,ALK_2320B,MG/L CACO3,24.7,,,,,5-May-17
183642,29-Apr-17,2:15:00 PM,PRW INTAKE [311],Grab,ALK_2320B,MG/L CACO3,23.8,,,,,5-May-17
183646,30-Apr-17,2:15:00 PM,PRW INTAKE [311],Grab,ALK_2320B,MG/L CACO3,25.1,,,,,5-May-17
183666,1-May-17,10:30:00 AM,PRW INTAKE [311],Grab,ALK_2320B,MG/L CACO3,26.3,,,,,9-May-17
183683,2-May-17,9:00:00 AM,PRW INTAKE [311],Grab,ALK_2320B,MG/L CACO3,28.1,,,,,9-May-17
183703,3-May-17,11:05:00 AM,PRW INTAKE [311],Grab,ALK_2320B,MG/L CACO3,26.5,,,,,9-May-17
183721,4-May-17,2:15:00 PM,PRW INTAKE [311],Grab,ALK_2320B,MG/L CACO3,27.1,,,,,9-May-17
183743,5-May-17,10:37:00 AM,PRW INTAKE [311],Grab,ALK_2320B,MG/L CACO3,29,,,,,9-May-17
183762,6-May-17,12:45:00 PM,PRW INTAKE [311],Grab,ALK_2320B,MG/L CACO3,25.7,,,,,9-May-17
183780,7-May-17,10:30:00 AM,PRW INTAKE [311],Grab,ALK_2320B,MG/L CACO3,22.3,,,,,9-May-17
183797,8-May-17,10:41:00 AM,PRW INTAKE [311],Grab,ALK_2320B,MG/L CACO3,20.2,,,,,9-May-17
183819,9-May-17,9:42:00 AM,PRW INTAKE [311],Grab,ALK_2320B,MG/L CACO3,19.4,,,,,9-May-17
183861,10-May-17,8:02:00 AM,PRW INTAKE [311],Grab,ALK_2320B,MG/L CACO3,18,,,,,11-May-17
183876,11-May-17,8:05:00 AM,PRW INTAKE [311],Grab,ALK_2320B,MG/L CACO3,16.9,,,,,11-May-17
183906,12-May-17,7:49:00 AM,PRW INTAKE [311],Grab,ALK_2320B,MG/L CACO3,17.7,,,,,15-May-17
183956,13-May-17,9:15:00 AM,PRW INTAKE [311],Grab,ALK_2320B,MG/L CACO3,16.4,,,,,15-May-17
183959,14-May-17,10:30:00 AM,PRW INTAKE [311],Grab,ALK_2320B,MG/L CACO3,13.9,,,,,15-May-17
183971,15-May-17,12:10:00 PM,PRW INTAKE [311],Grab,ALK_2320B,MG/L CACO3,14.7,,,,,16-May-17
183987,16-May-17,7:50:00 AM,PRW INTAKE [311],Grab,ALK_2320B,MG/L CACO3,14.7,,,,,16-May-17
184018,17-May-17,7:48:00 AM,PRW INTAKE [311],Grab,ALK_2320B,MG/L CACO3,15.4,,,,,17-May-17
184040,18-May-17,10:44:00 AM,PRW INTAKE [311],Grab,ALK_2320B,MG/L CACO3,14.9,,,,,25-May-17
184105,22-May-17,10:40:00 AM,PRW INTAKE [311],Grab,ALK_2320B,MG/L CACO3,23.6,,,,,25-May-17
184122,23-May-17,10:40:00 AM,PRW INTAKE [311],Grab,ALK_2320B,MG/L CACO3,27.3,,,,,25-May-17
184141,24-May-17,12:37:00 PM,PRW INTAKE [311],Grab,ALK_2320B,MG/L CACO3,30.5,,,,,25-May-17
184172,25-May-17,3:55:00 PM,PRW INTAKE [311],Grab,ALK_2320B,MG/L CACO3,24.3,,,,,31-May-17
184175,26-May-17,10:25:00 AM,PRW INTAKE [311],Grab,ALK_2320B,MG/L CACO3,23.4,,,,,31-May-17
184205,27-May-17,10:00:00 AM,PRW INTAKE [311],Grab,ALK_2320B,MG/L CACO3,15.8,,,,,31-May-17
184222,28-May-17,7:34:00 AM,PRW INTAKE [311],Grab,ALK_2320B,MG/L CACO3,22.2,,,,,31-May-17
184244,29-May-17,8:15:00 AM,PRW INTAKE [311],Grab,ALK_2320B,MG/L CACO3,23.5,,,,,31-May-17
184276,30-May-17,10:32:00 AM,PRW INTAKE [311],Grab,ALK_2320B,MG/L CACO3,21.5,,,,,6-Jun-17
184290,31-May-17,11:17:00 AM,PRW INTAKE [311],Grab,ALK_2320B,MG/L CACO3,19.5,,,,,6-Jun-17
184307,1-Jun-17,12:01:00 PM,PRW INTAKE [311],Grab,ALK_2320B,MG/L CACO3,18.7,,,,,6-Jun-17
184335,2-Jun-17,9:44:00 AM,PRW INTAKE [311],Grab,ALK_2320B,MG/L CACO3,18.3,,,,,6-Jun-17
184351,3-Jun-17,7:44:00 AM,PRW INTAKE [311],Grab,ALK_2320B,MG/L CACO3,19.5,,,,,6-Jun-17
184371,4-Jun-17,7:40:00 AM,PRW INTAKE [311],Grab,ALK_2320B,MG/L CACO3,18.8,,,,,7-Jun-17
184397,5-Jun-17,9:30:00 AM,PRW INTAKE [311],Grab,ALK_2320B,MG/L CACO3,14.6,,,,,7-Jun-17
184451,6-Jun-17,9:30:00 AM,PRW INTAKE [311],Grab,ALK_2320B,MG/L CACO3,13.8,,,,,7-Jun-17
184440,7-Jun-17,8:33:00 AM,PRW INTAKE [311],Grab,ALK_2320B,MG/L CACO3,14.8,,,,,7-Jun-17
184469,8-Jun-17,11:04:00 AM,PRW INTAKE [311],Grab,ALK_2320B,MG/L CACO3,14.3,,,,,13-Jun-17
184494,9-Jun-17,11:00:00 AM,PRW INTAKE [311],Grab,ALK_2320B,MG/L CACO3,13.4,,,,,13-Jun-17
184512,10-Jun-17,9:20:00 AM,PRW INTAKE [311],Grab,ALK_2320B,MG/L CACO3,17.5,,,,,13-Jun-17
184522,11-Jun-17,9:30:00 AM,PRW INTAKE [311],Grab,ALK_2320B,MG/L CACO3,13.1,,,,,13-Jun-17
184555,12-Jun-17,10:50:00 AM,PRW INTAKE [311],Grab,ALK_2320B,MG/L CACO3,12.9,,,,,13-Jun-17
184585,13-Jun-17,1:42:00 PM,PRW INTAKE [311],Grab,ALK_2320B,MG/L CACO3,12.8,,,,,15-Jun-17
184602,14-Jun-17,9:15:00 AM,PRW INTAKE [311],Grab,ALK_2320B,MG/L CACO3,14,,,,,15-Jun-17
184646,16-Jun-17,11:00:00 AM,PRW INTAKE [311],Grab,ALK_2320B,MG/L CACO3,13.4,,,,,29-Jun-17
184671,17-Jun-17,10:49:00 AM,PRW INTAKE [311],Grab,ALK_2320B,MG/L CACO3,13.1,,,,,29-Jun-17
184690,18-Jun-17,10:21:00 AM,PRW INTAKE [311],Grab,ALK_2320B,MG/L CACO3,13.7,,,,,29-Jun-17
184718,19-Jun-17,1:47:00 PM,PRW INTAKE [311],Grab,ALK_2320B,MG/L CACO3,14,,,,,29-Jun-17
184733,20-Jun-17,11:38:00 AM,PRW INTAKE [311],Grab,ALK_2320B,MG/L CACO3,13.2,,,,,29-Jun-17
184757,21-Jun-17,8:08:00 AM,PRW INTAKE [311],Grab,ALK_2320B,MG/L CACO3,13.9,,,,,29-Jun-17
184777,22-Jun-17,10:35:00 AM,PRW INTAKE [311],Grab,ALK_2320B,MG/L CACO3,14.4,,,,,29-Jun-17
184806,23-Jun-17,8:32:00 AM,PRW INTAKE [311],Grab,ALK_2320B,MG/L CACO3,13.8,,,,,29-Jun-17
184818,24-Jun-17,7:15:00 PM,PRW INTAKE [311],Grab,ALK_2320B,MG/L CACO3,15.5,,,,,29-Jun-17
184844,25-Jun-17,10:46:00 AM,PRW INTAKE [311],Grab,ALK_2320B,MG/L CACO3,13.7,,,,,30-Jun-17
184875,26-Jun-17,9:49:00 AM,PRW INTAKE [311],Grab,ALK_2320B,MG/L CACO3,15,,,,,30-Jun-17
184900,27-Jun-17,1:21:00 PM,PRW INTAKE [311],Grab,ALK_2320B,MG/L CACO3,15.2,,,,,30-Jun-17
184918,28-Jun-17,10:01:00 AM,PRW INTAKE [311],Grab,ALK_2320B,MG/L CACO3,15,,,,,30-Jun-17
184939,29-Jun-17,10:15:00 AM,PRW INTAKE [311],Grab,ALK_2320B,MG/L CACO3,15.1,,,,,30-Jun-17
184960,30-Jun-17,9:19:00 AM,PRW INTAKE [311],Grab,ALK_2320B,MG/L CACO3,15,,,,,30-Jun-17
